{
  "1": {
    "id": 1,
    "title": "NETWORK ENGINEER",
    "company": "Brillio",
    "location": "Bangalore, Karnataka",
    "description": "Job Description:\n\nWe are seeking a skilled Network Engineer to design, implement, maintain, and support our growing network infrastructure. The ideal candidate will ensure the stability and integrity of in-house data, voice, video, and wireless network services through planning, design, and continuous monitoring.\n\nKey Responsibilities:\n\nDesign, configure, and maintain LAN, WAN, and VPN networks.\n\nMonitor network performance and troubleshoot connectivity issues.\n\nInstall, configure, and manage firewalls, routers, switches, and wireless access points.\n\nEnsure network security through access controls, firewalls, and regular updates.\n\nCollaborate with system administrators and security teams to optimize network operations.\n\nPerform regular network maintenance and capacity planning.\n\nDocument network configurations, diagrams, and procedures.\n\nSupport disaster recovery and backup plans related to network infrastructure.",
    "requirements": "Preferred Qualifications:\n\nBachelor\u2019s degree in Computer Science, Information Technology, or related field.\n\nCertifications such as CCNA, CCNP, CompTIA Network+, or Juniper JNCIA.\n\n1\u20133 years of hands-on network administration experience.",
    "salary_range": "50000",
    "posted_date": "2025-10-13"
  },
  "2": {
    "id": 2,
    "title": "Data analyst",
    "company": "Microsoft ",
    "location": "Hyderabad",
    "description": "Collect, clean, and preprocess structured and unstructured data from multiple sources.\n\nUse statistical techniques to analyze data and identify trends, patterns, and correlations.\n\nDevelop dashboards and reports using visualization tools such as Power BI, Tableau, or Excel.",
    "requirements": "Proficiency in SQL, Excel, and Python/R for data manipulation and analysis.\n\nExperience with data visualization tools (Tableau, Power BI, Looker).\n\nKnowledge of statistical analysis and data modeling techniques.\n\nUnderstanding of ETL (Extract, Transform, Load) processes.\n\nFamiliarity with machine learning basics (preferred).",
    "salary_range": "30000LPA",
    "posted_date": "2025-10-18"
  }
}